transaction_id,user_id,processed_date,transaction_amount,gt_type,create_date,gt_description,authorized_user_id,authorized_date,originating_account_id,subsidiary_id,is_external,process_date,recurring_master,parent_id,is_child,ui_source_id,channel_description,template_id,sec_code,effective_date,from_aba,to_aba,target_description,auth_type,recurring_transaction_id
4457047,463795,2017-07-19 11:21:57.407,1538.0,Domestic Wire,2017-07-19 11:18:43.407,Repay Mom,46795,2017-07-19 11:19:50.407,8972,11.0,0,2017-07-19,1,,0.0,1,OnlineBanking,100.0,,2017-07-20,,123456789,ZZZ Goods and Services,Online,1.0
4439243,442266,2017-07-18 12:34:22.693,5499.0,AchPayment,2017-07-18 12:32:21.670,Visa,442266,2017-07-18 12:33:22.407,789543,,0,2017-07-19,0,0.0,,2,VoiceBanking,,PPD,2017-07-20,,123456789,,Mobile Authorization over Voice,2.0
4366290,78410,2017-07-14 01:16:26.163,130.0,StopPayment,2017-07-14 01:15:25.160,,4366290,2017-07-14 01:16:25.000,29541,,0,2017-07-14,0,0.0,,1,OnlineBanking,,,2017-07-14,,123456789,paid cash instead,,3.0
4367321,456521,2017-07-12 15:27:32.007,,ChangeOfAddress,2017-07-12 15:25:55.007,,456521,2017-07-12 15:26:55.007,601239,,0,2017-07-12,0,0.0,,3,BackOffice,,,2017-07-12,,123456789,Address:1 Research Boulevard,,
