host_account_id,as_of_date,user_id,goal_name,target_date,goal_category,goal_create_date,target_amount,current_balance,percent_complete
51478,"2021-04-05-15:45:28.480",31663,My home purchase,"2021-04-15T00:00:00-05:00",Home purchase,"2020-08-09T03:50:35.508-05:00",5000,0.0,0.0
53018,"2021-04-05-15:45:28.480",31961,My home improvement,"2021-04-30T00:00:00-05:00",Home improvement,"2020-09-01T18:56:29.226-05:00",20000,20785.82,1.04
63904,"2021-04-05-15:45:28.480",37799,My health,"2022-09-01T00:00:00-05:00",Health,"2021-03-19T08:50:12.107-05:00",1000,626.05,0.63
61870,"2021-04-05-15:45:28.480",38443,My emergency fund,"2021-12-31T00:00:00-06:00",Emergency fund,"2021-02-22T20:50:47.555-06:00",10000,3769.8,0.38
